[
    { "en-gb": "Aberaeron" },
    { "en-gb": "Aberavon" },
    { "en-gb": "Aberbargoed" },
    { "en-gb": "Abercarn" },
    { "en-gb": "Aberdare" },
    { "en-gb": "Aberdeen" },
    { "en-gb": "Aberfan" },
    { "en-gb": "Abergavenny" },
    { "en-gb": "Abergele" },
    { "en-gb": "Abertawe" },
    { "en-gb": "Abertillery" },
    { "en-gb": "Aberystwyth" },
    { "en-gb": "Abingdon-on-Thames" },
    { "en-gb": "Accrington" },
    { "en-gb": "Acle" },
    { "en-gb": "Acton" },
    { "en-gb": "Adlington" },
    { "en-gb": "Alcester" },
    { "en-gb": "Aldeburgh" },
    { "en-gb": "Aldershot" },
    { "en-gb": "Alford" },
    { "en-gb": "Alfreton" },
    { "en-gb": "Alloa" },
    { "en-gb": "Alnwick" },
    { "en-gb": "Alsager" },
    { "en-gb": "Alston" },
    { "en-gb": "Alton" },
    { "en-gb": "Altrincham" },
    { "en-gb": "Amble" },
    { "en-gb": "Ambleside" },
    { "en-gb": "Amersham" },
    { "en-gb": "Amesbury" },
    { "en-gb": "Amlwch" },
    { "en-gb": "Ammanford" },
    { "en-gb": "Ampthill" },
    { "en-gb": "Andover" },
    { "en-gb": "Antrim" },
    { "en-gb": "Appleby-in-Westmorland" },
    { "en-gb": "Arlesey" },
    { "en-gb": "Armagh" },
    { "en-gb": "Arundel" },
    { "en-gb": "Ashbourne" },
    { "en-gb": "Ashburton" },
    { "en-gb": "Ashby Woulds" },
    { "en-gb": "Ashby-de-la-Zouch" },
    { "en-gb": "Ashford" },
    { "en-gb": "Ashington" },
    { "en-gb": "Ashton-under-Lyne" },
    { "en-gb": "Askern" },
    { "en-gb": "Aspatria" },
    { "en-gb": "Atherstone" },
    { "en-gb": "Attleborough" },
    { "en-gb": "Axbridge" },
    { "en-gb": "Axminster" },
    { "en-gb": "Aylesbury" },
    { "en-gb": "Aylsham" },
    { "en-gb": "Ayr" },
    { "en-gb": "Bacup" },
    { "en-gb": "Bagillt" },
    { "en-gb": "Bakewell" },
    { "en-gb": "Bala" },
    { "en-gb": "Ballymena" },
    { "en-gb": "Bampton" },
    { "en-gb": "Banbridge" },
    { "en-gb": "Banbury" },
    { "en-gb": "Bangor" },
    { "en-gb": "Bargoed" },
    { "en-gb": "Barking" },
    { "en-gb": "Barmouth" },
    { "en-gb": "Barnard Castle" },
    { "en-gb": "Barnes" },
    { "en-gb": "Barnet" },
    { "en-gb": "Barnoldswick" },
    { "en-gb": "Barnsley" },
    { "en-gb": "Barnstaple" },
    { "en-gb": "Barri" },
    { "en-gb": "Barrow-in-Furness" },
    { "en-gb": "Barry" },
    { "en-gb": "Barton-upon-Humber" },
    { "en-gb": "Basingstoke" },
    { "en-gb": "Bath" },
    { "en-gb": "Batley" },
    { "en-gb": "Battle" },
    { "en-gb": "Bawtry" },
    { "en-gb": "Beaconsfield" },
    { "en-gb": "Beaminster" },
    { "en-gb": "Beaumaris" },
    { "en-gb": "Bebington" },
    { "en-gb": "Beccles" },
    { "en-gb": "Beckenham" },
    { "en-gb": "Bedale" },
    { "en-gb": "Bedford" },
    { "en-gb": "Bedworth" },
    { "en-gb": "Belper" },
    { "en-gb": "Bentham" },
    { "en-gb": "Berkeley" },
    { "en-gb": "Berkhamsted" },
    { "en-gb": "Berwick-upon-Tweed" },
    { "en-gb": "Bethesda" },
    { "en-gb": "Beverley" },
    { "en-gb": "Bewdley" },
    { "en-gb": "Bexhill-on-Sea" },
    { "en-gb": "Bexley" },
    { "en-gb": "Bexleyheath" },
    { "en-gb": "Bicester" },
    { "en-gb": "Biddulph" },
    { "en-gb": "Bideford" },
    { "en-gb": "Biggleswade" },
    { "en-gb": "Billericay" },
    { "en-gb": "Billingham" },
    { "en-gb": "Bilston" },
    { "en-gb": "Bingham" },
    { "en-gb": "Bingley" },
    { "en-gb": "Birchwood" },
    { "en-gb": "Birkenhead" },
    { "en-gb": "Birmingham" },
    { "en-gb": "Bishop Auckland" },
    { "en-gb": "Bishop's Castle" },
    { "en-gb": "Bishop's Stortford" },
    { "en-gb": "Bishop's Waltham" },
    { "en-gb": "Blackburn" },
    { "en-gb": "Blackpool" },
    { "en-gb": "Blackrod" },
    { "en-gb": "Blackwater and Hawley" },
    { "en-gb": "Blackwood" },
    { "en-gb": "Blaenau Ffestiniog" },
    { "en-gb": "Blaenavon" },
    { "en-gb": "Blaenhonddan" },
    { "en-gb": "Blaina" },
    { "en-gb": "Blandford Forum" },
    { "en-gb": "Bletchley and Fenny Stratford" },
    { "en-gb": "Blyth" },
    { "en-gb": "Bodmin" },
    { "en-gb": "Bognor Regis" },
    { "en-gb": "Bollington" },
    { "en-gb": "Bolsover" },
    { "en-gb": "Bolton" },
    { "en-gb": "Bootle" },
    { "en-gb": "Bordon" },
    { "en-gb": "Boroughbridge" },
    { "en-gb": "Boston" },
    { "en-gb": "Bottesford" },
    { "en-gb": "Bourne" },
    { "en-gb": "Bournemouth" },
    { "en-gb": "Bovey Tracey" },
    { "en-gb": "Brackley" },
    { "en-gb": "Bracknell" },
    { "en-gb": "Bradford" },
    { "en-gb": "Bradford-on-Avon" },
    { "en-gb": "Brading" },
    { "en-gb": "Bradley Stoke" },
    { "en-gb": "Bradninch" },
    { "en-gb": "Braintree" },
    { "en-gb": "Brampton" },
    { "en-gb": "Brandon" },
    { "en-gb": "Braunstone Town" },
    { "en-gb": "Brecon" },
    { "en-gb": "Brentford" },
    { "en-gb": "Brentwood" },
    { "en-gb": "Bridgend" },
    { "en-gb": "Bridgnorth" },
    { "en-gb": "Bridgwater" },
    { "en-gb": "Bridlington" },
    { "en-gb": "Bridport" },
    { "en-gb": "Brierfield" },
    { "en-gb": "Brierley" },
    { "en-gb": "Brigg" },
    { "en-gb": "Brighouse" },
    { "en-gb": "Brightlingsea" },
    { "en-gb": "Brighton" },
    { "en-gb": "Bristol" },
    { "en-gb": "Briton Ferry" },
    { "en-gb": "Brixham" },
    { "en-gb": "Broadstairs and St Peter's" },
    { "en-gb": "Bromborough" },
    { "en-gb": "Bromley" },
    { "en-gb": "Bromsgrove" },
    { "en-gb": "Bromyard" },
    { "en-gb": "Broseley" },
    { "en-gb": "Brough" },
    { "en-gb": "Broughton" },
    { "en-gb": "Broughton-in-Furness" },
    { "en-gb": "Bruton" },
    { "en-gb": "Brynmawr" },
    { "en-gb": "Buckfastleigh" },
    { "en-gb": "Buckingham" },
    { "en-gb": "Buckley" },
    { "en-gb": "Bude-Stratton" },
    { "en-gb": "Budleigh Salterton" },
    { "en-gb": "Builth Wells" },
    { "en-gb": "Bulwell" },
    { "en-gb": "Bungay" },
    { "en-gb": "Buntingford" },
    { "en-gb": "Burford" },
    { "en-gb": "Burgess Hill" },
    { "en-gb": "Burgh-le-Marsh" },
    { "en-gb": "Burnham-on-Crouch" },
    { "en-gb": "Burnham-on-Sea" },
    { "en-gb": "Burnley" },
    { "en-gb": "Burntwood" },
    { "en-gb": "Burry Port" },
    { "en-gb": "Burslem" },
    { "en-gb": "Burton Latimer" },
    { "en-gb": "Burton upon Trent" },
    { "en-gb": "Bury" },
    { "en-gb": "Bury St Edmunds" },
    { "en-gb": "Bushey" },
    { "en-gb": "Buxton" },
    { "en-gb": "Caerdydd" },
    { "en-gb": "Caerfyrddin" },
    { "en-gb": "Caerleon" },
    { "en-gb": "Caernarfon" },
    { "en-gb": "Caerphilly" },
    { "en-gb": "Caerwys" },
    { "en-gb": "Caistor" },
    { "en-gb": "Caldicot" },
    { "en-gb": "Callington" },
    { "en-gb": "Calne" },
    { "en-gb": "Camberwell" },
    { "en-gb": "Camborne" },
    { "en-gb": "Cambridge" },
    { "en-gb": "Camden Town" },
    { "en-gb": "Camelford" },
    { "en-gb": "Cannock" },
    { "en-gb": "Canvey Island" },
    { "en-gb": "Cardiff" },
    { "en-gb": "Cardigan" },
    { "en-gb": "Carlisle" },
    { "en-gb": "Carlton Colville" },
    { "en-gb": "Carmarthen" },
    { "en-gb": "Carnforth" },
    { "en-gb": "Carshalton" },
    { "en-gb": "Carterton" },
    { "en-gb": "Castle Cary" },
    { "en-gb": "Castleford" },
    { "en-gb": "Catford" },
    { "en-gb": "Chagford" },
    { "en-gb": "Chapel-en-le-Frith" },
    { "en-gb": "Chard" },
    { "en-gb": "Charlbury" },
    { "en-gb": "Chatham" },
    { "en-gb": "Chatteris" },
    { "en-gb": "Cheadle" },
    { "en-gb": "Chelmsford" },
    { "en-gb": "Cheltenham" },
    { "en-gb": "Chepstow" },
    { "en-gb": "Chertsey" },
    { "en-gb": "Chesham" },
    { "en-gb": "Cheshunt" },
    { "en-gb": "Chester" },
    { "en-gb": "Chesterfield" },
    { "en-gb": "Chester-le-Street" },
    { "en-gb": "Chichester" },
    { "en-gb": "Chickerell" },
    { "en-gb": "Chicksands" },
    { "en-gb": "Chilton" },
    { "en-gb": "Chingford" },
    { "en-gb": "Chippenham" },
    { "en-gb": "Chipping Campden" },
    { "en-gb": "Chipping Norton" },
    { "en-gb": "Chipping Sodbury" },
    { "en-gb": "Chirk" },
    { "en-gb": "Chorley" },
    { "en-gb": "Chorleywood" },
    { "en-gb": "Christchurch" },
    { "en-gb": "Chudleigh" },
    { "en-gb": "Chulmleigh" },
    { "en-gb": "Church Stretton" },
    { "en-gb": "Cinderford" },
    { "en-gb": "Cirencester" },
    { "en-gb": "City of Westminster" },
    { "en-gb": "Clare" },
    { "en-gb": "Clay Cross" },
    { "en-gb": "Cleator Moor" },
    { "en-gb": "Cleckheaton" },
    { "en-gb": "Cleethorpes" },
    { "en-gb": "Cleobury Mortimer" },
    { "en-gb": "Clevedon" },
    { "en-gb": "Clitheroe" },
    { "en-gb": "Clun" },
    { "en-gb": "Clydach Vale" },
    { "en-gb": "Coalville" },
    { "en-gb": "Cockermouth" },
    { "en-gb": "Coggeshall" },
    { "en-gb": "Colburn" },
    { "en-gb": "Colchester" },
    { "en-gb": "Coleford" },
    { "en-gb": "Coleraine" },
    { "en-gb": "Coleshill" },
    { "en-gb": "Colne" },
    { "en-gb": "Colwyn Bay" },
    { "en-gb": "Colyton" },
    { "en-gb": "Congleton" },
    { "en-gb": "Conisbrough" },
    { "en-gb": "Connah's Quay" },
    { "en-gb": "Conwy" },
    { "en-gb": "Cookstown" },
    { "en-gb": "Corbridge" },
    { "en-gb": "Corby" },
    { "en-gb": "Corringham" },
    { "en-gb": "Corsham" },
    { "en-gb": "Corwen" },
    { "en-gb": "Cotgrave" },
    { "en-gb": "Coulsdon" },
    { "en-gb": "Coventry" },
    { "en-gb": "Cowbridge" },
    { "en-gb": "Cowes" },
    { "en-gb": "Craigavon" },
    { "en-gb": "Cramlington" },
    { "en-gb": "Cranbrook" },
    { "en-gb": "Craven Arms" },
    { "en-gb": "Crawley" },
    { "en-gb": "Crediton" },
    { "en-gb": "Crewe" },
    { "en-gb": "Crewkerne" },
    { "en-gb": "Criccieth" },
    { "en-gb": "Crickhowell" },
    { "en-gb": "Cricklade" },
    { "en-gb": "Cromer" },
    { "en-gb": "Crook" },
    { "en-gb": "Crosby" },
    { "en-gb": "Crowborough" },
    { "en-gb": "Crowland" },
    { "en-gb": "Crowle" },
    { "en-gb": "Croydon" },
    { "en-gb": "Crumlin" },
    { "en-gb": "Cullompton" },
    { "en-gb": "Cwmamman" },
    { "en-gb": "Cwmbran" },
    { "en-gb": "Dagenham" },
    { "en-gb": "Dalkeith" },
    { "en-gb": "Dalton-in-Furness" },
    { "en-gb": "Darley Dale" },
    { "en-gb": "Darlington" },
    { "en-gb": "Dartford" },
    { "en-gb": "Dartmouth" },
    { "en-gb": "Darwen" },
    { "en-gb": "Daventry" },
    { "en-gb": "Dawley" },
    { "en-gb": "Dawlish" },
    { "en-gb": "Deal" },
    { "en-gb": "Denbigh" },
    { "en-gb": "Denholme" },
    { "en-gb": "Derby" },
    { "en-gb": "Dereham" },
    { "en-gb": "Derry" },
    { "en-gb": "Desborough" },
    { "en-gb": "Devizes" },
    { "en-gb": "Dewsbury" },
    { "en-gb": "Didcot" },
    { "en-gb": "Dinnington St John's" },
    { "en-gb": "Diss" },
    { "en-gb": "Dolgellau" },
    { "en-gb": "Doncaster" },
    { "en-gb": "Dorchester" },
    { "en-gb": "Dorking" },
    { "en-gb": "Dover" },
    { "en-gb": "Dovercourt" },
    { "en-gb": "Downham Market" },
    { "en-gb": "Downpatrick" },
    { "en-gb": "Driffield" },
    { "en-gb": "Droitwich Spa" },
    { "en-gb": "Dronfield" },
    { "en-gb": "Dudley" },
    { "en-gb": "Dukinfield" },
    { "en-gb": "Dulverton" },
    { "en-gb": "Dumbarton" },
    { "en-gb": "Dumfries" },
    { "en-gb": "Dundee" },
    { "en-gb": "Dungannon" },
    { "en-gb": "Dunstable" },
    { "en-gb": "Dunwich" },
    { "en-gb": "Durham" },
    { "en-gb": "Dursley" },
    { "en-gb": "Ealing" },
    { "en-gb": "Earby" },
    { "en-gb": "Earl Shilton" },
    { "en-gb": "Earley" },
    { "en-gb": "Easingwold" },
    { "en-gb": "East Cowes" },
    { "en-gb": "East Grinstead" },
    { "en-gb": "East Ham" },
    { "en-gb": "East Retford" },
    { "en-gb": "Eastbourne" },
    { "en-gb": "Eastleigh" },
    { "en-gb": "Eastwood" },
    { "en-gb": "Ebbw Vale" },
    { "en-gb": "Eccles" },
    { "en-gb": "Eccleshall" },
    { "en-gb": "Edenbridge" },
    { "en-gb": "Edgware" },
    { "en-gb": "Edinburgh" },
    { "en-gb": "Edmonton" },
    { "en-gb": "Egremont" },
    { "en-gb": "Elgin" },
    { "en-gb": "Elland" },
    { "en-gb": "Ellesmere" },
    { "en-gb": "Ellesmere Port" },
    { "en-gb": "Elstree and Borehamwood" },
    { "en-gb": "Emsworth" },
    { "en-gb": "Enfield" },
    { "en-gb": "Epping" },
    { "en-gb": "Epsom and Ewell" },
    { "en-gb": "Epworth" },
    { "en-gb": "Erith" },
    { "en-gb": "Eton" },
    { "en-gb": "Evesham" },
    { "en-gb": "Ewloe" },
    { "en-gb": "Exeter" },
    { "en-gb": "Exminster" },
    { "en-gb": "Exmouth" },
    { "en-gb": "Eye" },
    { "en-gb": "Fairford" },
    { "en-gb": "Fakenham" },
    { "en-gb": "Falkirk" },
    { "en-gb": "Falmouth" },
    { "en-gb": "Fareham" },
    { "en-gb": "Faringdon" },
    { "en-gb": "Farnborough" },
    { "en-gb": "Farnham" },
    { "en-gb": "Faversham" },
    { "en-gb": "Fazeley" },
    { "en-gb": "Featherstone" },
    { "en-gb": "Felixstowe" },
    { "en-gb": "Ferndale" },
    { "en-gb": "Ferndown" },
    { "en-gb": "Ferryhill" },
    { "en-gb": "Filey" },
    { "en-gb": "Filton" },
    { "en-gb": "Finchley" },
    { "en-gb": "Fishguard" },
    { "en-gb": "Fleet" },
    { "en-gb": "Fleetwood" },
    { "en-gb": "Flint" },
    { "en-gb": "Flitwick" },
    { "en-gb": "Folkestone" },
    { "en-gb": "Fordbridge" },
    { "en-gb": "Fordingbridge" },
    { "en-gb": "Fordwich" },
    { "en-gb": "Forfar" },
    { "en-gb": "Fort William" },
    { "en-gb": "Fowey" },
    { "en-gb": "Framlingham" },
    { "en-gb": "Frinton and Walton" },
    { "en-gb": "Frodsham" },
    { "en-gb": "Frome" },
    { "en-gb": "Gainsborough" },
    { "en-gb": "Garstang" },
    { "en-gb": "Gateshead" },
    { "en-gb": "Gelligaer" },
    { "en-gb": "Giffnock" },
    { "en-gb": "Gillingham" },
    { "en-gb": "Glasgow" },
    { "en-gb": "Glastonbury" },
    { "en-gb": "Glenrothes" },
    { "en-gb": "Glossop" },
    { "en-gb": "Gloucester" },
    { "en-gb": "Glynneath" },
    { "en-gb": "Godalming" },
    { "en-gb": "Godmanchester" },
    { "en-gb": "Goodwick" },
    { "en-gb": "Goole" },
    { "en-gb": "Gorleston-on-Sea" },
    { "en-gb": "Gorseinon" },
    { "en-gb": "Gosport" },
    { "en-gb": "Gowerton" },
    { "en-gb": "Grange-over-Sands" },
    { "en-gb": "Grantham" },
    { "en-gb": "Grassington" },
    { "en-gb": "Gravesend" },
    { "en-gb": "Grays" },
    { "en-gb": "Great Dunmow" },
    { "en-gb": "Great Torrington" },
    { "en-gb": "Great Yarmouth" },
    { "en-gb": "Greater Willington" },
    { "en-gb": "Greenock" },
    { "en-gb": "Gresford" },
    { "en-gb": "Grimsby" },
    { "en-gb": "Guildford" },
    { "en-gb": "Guisborough" },
    { "en-gb": "Hackney" },
    { "en-gb": "Haddington" },
    { "en-gb": "Hadleigh" },
    { "en-gb": "Hailsham" },
    { "en-gb": "Halesowen" },
    { "en-gb": "Halesworth" },
    { "en-gb": "Halewood" },
    { "en-gb": "Halifax" },
    { "en-gb": "Halstead" },
    { "en-gb": "Haltwhistle" },
    { "en-gb": "Hamilton" },
    { "en-gb": "Hammersmith" },
    { "en-gb": "Harlech" },
    { "en-gb": "Harlow" },
    { "en-gb": "Harpenden" },
    { "en-gb": "Harrogate" },
    { "en-gb": "Harrow" },
    { "en-gb": "Hartland" },
    { "en-gb": "Hartlepool" },
    { "en-gb": "Harwich" },
    { "en-gb": "Harworth and Bircotes" },
    { "en-gb": "Haslemere" },
    { "en-gb": "Haslingden" },
    { "en-gb": "Hastings" },
    { "en-gb": "Hatfield" },
    { "en-gb": "Hatherleigh" },
    { "en-gb": "Havant" },
    { "en-gb": "Haverfordwest" },
    { "en-gb": "Haverhill" },
    { "en-gb": "Hawes" },
    { "en-gb": "Hawkinge" },
    { "en-gb": "Haxby" },
    { "en-gb": "Hayes" },
    { "en-gb": "Hayle" },
    { "en-gb": "Hay-on-Wye" },
    { "en-gb": "Haywards Heath" },
    { "en-gb": "Heanor and Loscoe" },
    { "en-gb": "Heathfield" },
    { "en-gb": "Hebden Royd" },
    { "en-gb": "Hedge End" },
    { "en-gb": "Hednesford" },
    { "en-gb": "Hedon" },
    { "en-gb": "Helmsley" },
    { "en-gb": "Helston" },
    { "en-gb": "Hemel Hempstead" },
    { "en-gb": "Hemsworth" },
    { "en-gb": "Hendon" },
    { "en-gb": "Henley-in-Arden" },
    { "en-gb": "Henley-on-Thames" },
    { "en-gb": "Hereford" },
    { "en-gb": "Hertford" },
    { "en-gb": "Hessle" },
    { "en-gb": "Hetton" },
    { "en-gb": "Hexham" },
    { "en-gb": "Heywood" },
    { "en-gb": "High Wycombe" },
    { "en-gb": "Higham Ferrers" },
    { "en-gb": "Highbridge" },
    { "en-gb": "Highworth" },
    { "en-gb": "Hinckley" },
    { "en-gb": "Hingham" },
    { "en-gb": "Hitchin" },
    { "en-gb": "Hoddesdon" },
    { "en-gb": "Holbeach" },
    { "en-gb": "Holsworthy" },
    { "en-gb": "Holt" },
    { "en-gb": "Holyhead" },
    { "en-gb": "Holywell" },
    { "en-gb": "Honiton" },
    { "en-gb": "Horley" },
    { "en-gb": "Horncastle" },
    { "en-gb": "Hornsea" },
    { "en-gb": "Hornsey" },
    { "en-gb": "Horsforth" },
    { "en-gb": "Horsham" },
    { "en-gb": "Horwich" },
    { "en-gb": "Houghton Regis" },
    { "en-gb": "Hounslow" },
    { "en-gb": "Hove" },
    { "en-gb": "Howden" },
    { "en-gb": "Huddersfield" },
    { "en-gb": "Hugh Town" },
    { "en-gb": "Hungerford" },
    { "en-gb": "Hunstanton" },
    { "en-gb": "Huntingdon" },
    { "en-gb": "Hwlffordd" },
    { "en-gb": "Hyde" },
    { "en-gb": "Hythe" },
    { "en-gb": "Ilford" },
    { "en-gb": "Ilfracombe" },
    { "en-gb": "Ilkeston" },
    { "en-gb": "Ilkley" },
    { "en-gb": "Ilminster" },
    { "en-gb": "Immingham" },
    { "en-gb": "Ingleby Barwick" },
    { "en-gb": "Inverness" },
    { "en-gb": "Ipswich" },
    { "en-gb": "Irthlingborough" },
    { "en-gb": "Irvine" },
    { "en-gb": "Islington" },
    { "en-gb": "Ivybridge" },
    { "en-gb": "Jarrow" },
    { "en-gb": "Keighley" },
    { "en-gb": "Kempston" },
    { "en-gb": "Kendal" },
    { "en-gb": "Kenfig" },
    { "en-gb": "Kenilworth" },
    { "en-gb": "Kensington" },
    { "en-gb": "Kesgrave" },
    { "en-gb": "Keswick" },
    { "en-gb": "Kettering" },
    { "en-gb": "Keynsham" },
    { "en-gb": "Kidderminster" },
    { "en-gb": "Kidsgrove" },
    { "en-gb": "Kidwelly" },
    { "en-gb": "Kilmarnock" },
    { "en-gb": "Kimberley" },
    { "en-gb": "King's Lynn" },
    { "en-gb": "Kingsbridge" },
    { "en-gb": "Kingsteignton" },
    { "en-gb": "Kingston upon Hull" },
    { "en-gb": "Kingston upon Thames" },
    { "en-gb": "Kingston-upon-Thames" },
    { "en-gb": "Kington" },
    { "en-gb": "Kirkby Lonsdale" },
    { "en-gb": "Kirkby Stephen" },
    { "en-gb": "Kirkby-in-Ashfield" },
    { "en-gb": "Kirkbymoorside" },
    { "en-gb": "Kirkham" },
    { "en-gb": "Kirkintilloch" },
    { "en-gb": "Kirkwall" },
    { "en-gb": "Kirton-in-Lindsey" },
    { "en-gb": "Knaresborough" },
    { "en-gb": "Knighton" },
    { "en-gb": "Knowsley" },
    { "en-gb": "Knutsford" },
    { "en-gb": "Lambeth" },
    { "en-gb": "Lampeter" },
    { "en-gb": "Langport" },
    { "en-gb": "Laugharne" },
    { "en-gb": "Launceston" },
    { "en-gb": "Leatherhead" },
    { "en-gb": "Lechlade" },
    { "en-gb": "Ledbury" },
    { "en-gb": "Leeds" },
    { "en-gb": "Leek" },
    { "en-gb": "Leicester" },
    { "en-gb": "Leigh" },
    { "en-gb": "Leigh-on-Sea" },
    { "en-gb": "Leighton-Linslade" },
    { "en-gb": "Leiston" },
    { "en-gb": "Leominster" },
    { "en-gb": "Lerwick" },
    { "en-gb": "Letchworth Garden City" },
    { "en-gb": "Lewes" },
    { "en-gb": "Leyburn" },
    { "en-gb": "Leyland" },
    { "en-gb": "Leyton" },
    { "en-gb": "Lincoln" },
    { "en-gb": "Lisburn" },
    { "en-gb": "Liskeard" },
    { "en-gb": "Littlehampton" },
    { "en-gb": "Liverpool" },
    { "en-gb": "Livingston" },
    { "en-gb": "Llan Ffestiniog" },
    { "en-gb": "Llanberis" },
    { "en-gb": "Llanddulas" },
    { "en-gb": "Llandeilo" },
    { "en-gb": "Llandovery" },
    { "en-gb": "Llandrindod Wells" },
    { "en-gb": "Llandudno" },
    { "en-gb": "Llandudno Junction" },
    { "en-gb": "Llandysul" },
    { "en-gb": "Llanelli" },
    { "en-gb": "Llanfair Caereinion" },
    { "en-gb": "Llanfairpwll" },
    { "en-gb": "Llanfairfechan" },
    { "en-gb": "Llanfyllin" },
    { "en-gb": "Llangefni" },
    { "en-gb": "Llangollen" },
    { "en-gb": "Llanidloes" },
    { "en-gb": "Llanrwst" },
    { "en-gb": "Llansteffan" },
    { "en-gb": "Llantrisant" },
    { "en-gb": "Llantwit Major" },
    { "en-gb": "Llanwrtyd Wells" },
    { "en-gb": "Llanybydder" },
    { "en-gb": "Lochgilphead" },
    { "en-gb": "Loddon" },
    { "en-gb": "Loftus" },
    { "en-gb": "London" },
    { "en-gb": "Long Sutton" },
    { "en-gb": "Longridge" },
    { "en-gb": "Longtown" },
    { "en-gb": "Looe" },
    { "en-gb": "Lostwithiel" },
    { "en-gb": "Loughborough" },
    { "en-gb": "Loughor" },
    { "en-gb": "Loughton" },
    { "en-gb": "Louth" },
    { "en-gb": "Lowestoft" },
    { "en-gb": "Ludgershall" },
    { "en-gb": "Ludlow" },
    { "en-gb": "Luton" },
    { "en-gb": "Lutterworth" },
    { "en-gb": "Lydd" },
    { "en-gb": "Lydney" },
    { "en-gb": "Lyme Regis" },
    { "en-gb": "Lymington" },
    { "en-gb": "Lynton & Lynmouth" },
    { "en-gb": "Lytchett Minster & Upton" },
    { "en-gb": "Lytham St Annes" },
    { "en-gb": "Mablethorpe and Sutton" },
    { "en-gb": "Macclesfield" },
    { "en-gb": "Machynlleth" },
    { "en-gb": "Madeley" },
    { "en-gb": "Maesteg" },
    { "en-gb": "Magherafelt" },
    { "en-gb": "Maghull" },
    { "en-gb": "Maidenhead" },
    { "en-gb": "Maidstone" },
    { "en-gb": "Maldon" },
    { "en-gb": "Malmesbury" },
    { "en-gb": "Maltby" },
    { "en-gb": "Malton" },
    { "en-gb": "Malvern" },
    { "en-gb": "Manchester" },
    { "en-gb": "Manningtree" },
    { "en-gb": "Mansfield" },
    { "en-gb": "Marazion" },
    { "en-gb": "March" },
    { "en-gb": "Margate" },
    { "en-gb": "Market Bosworth" },
    { "en-gb": "Market Deeping" },
    { "en-gb": "Market Drayton" },
    { "en-gb": "Market Harborough" },
    { "en-gb": "Market Rasen" },
    { "en-gb": "Market Weighton" },
    { "en-gb": "Marlborough" },
    { "en-gb": "Marlow" },
    { "en-gb": "Maryport" },
    { "en-gb": "Masham" },
    { "en-gb": "Matlock" },
    { "en-gb": "Medlar-with-Wesham" },
    { "en-gb": "Melksham" },
    { "en-gb": "Meltham" },
    { "en-gb": "Melton Mowbray" },
    { "en-gb": "Menai Bridge" },
    { "en-gb": "Mere" },
    { "en-gb": "Merthyr Tudful" },
    { "en-gb": "Merthyr Tydfil" },
    { "en-gb": "Mexborough" },
    { "en-gb": "Middleham" },
    { "en-gb": "Middlesbrough" },
    { "en-gb": "Middleton" },
    { "en-gb": "Middlewich" },
    { "en-gb": "Midhurst" },
    { "en-gb": "Midsomer Norton" },
    { "en-gb": "Mildenhall" },
    { "en-gb": "Milford Haven" },
    { "en-gb": "Millom" },
    { "en-gb": "Milton Keynes" },
    { "en-gb": "Minchinhampton" },
    { "en-gb": "Minehead" },
    { "en-gb": "Minster" },
    { "en-gb": "Mirfield" },
    { "en-gb": "Mitcham" },
    { "en-gb": "Mitcheldean" },
    { "en-gb": "Modbury" },
    { "en-gb": "Mold" },
    { "en-gb": "Monmouth" },
    { "en-gb": "Montgomery" },
    { "en-gb": "Morden" },
    { "en-gb": "Morecambe" },
    { "en-gb": "Moretonhampstead" },
    { "en-gb": "Moreton-in-Marsh" },
    { "en-gb": "Morley" },
    { "en-gb": "Morpeth" },
    { "en-gb": "Mossley" },
    { "en-gb": "Motherwell" },
    { "en-gb": "Mountain Ash" },
    { "en-gb": "Much Wenlock" },
    { "en-gb": "Nailsea" },
    { "en-gb": "Nailsworth" },
    { "en-gb": "Nantwich" },
    { "en-gb": "Narberth" },
    { "en-gb": "Neath" },
    { "en-gb": "Needham Market" },
    { "en-gb": "Nefyn" },
    { "en-gb": "Nelson" },
    { "en-gb": "Neston" },
    { "en-gb": "New Alresford" },
    { "en-gb": "New Mills" },
    { "en-gb": "New Milton" },
    { "en-gb": "New Quay" },
    { "en-gb": "New Romney" },
    { "en-gb": "Newark-on-Trent" },
    { "en-gb": "Newbiggin-by-the-Sea" },
    { "en-gb": "Newbridge" },
    { "en-gb": "Newbury" },
    { "en-gb": "Newcastle Emlyn" },
    { "en-gb": "Newcastle upon Tyne" },
    { "en-gb": "Newcastle-under-Lyme" },
    { "en-gb": "Newent" },
    { "en-gb": "Newhaven" },
    { "en-gb": "Newlyn" },
    { "en-gb": "Newmarket" },
    { "en-gb": "Newport" },
    { "en-gb": "Newport (Pembrokeshire)" },
    { "en-gb": "Newport Pagnell" },
    { "en-gb": "Newquay" },
    { "en-gb": "Newry" },
    { "en-gb": "Newton Abbot" },
    { "en-gb": "Newton Aycliffe" },
    { "en-gb": "Newton-le-Willows" },
    { "en-gb": "Newtown" },
    { "en-gb": "Newtown Saint Boswells" },
    { "en-gb": "Newtownabbey" },
    { "en-gb": "Neyland" },
    { "en-gb": "Normanton" },
    { "en-gb": "North Hykeham" },
    { "en-gb": "North Petherton" },
    { "en-gb": "North Tawton" },
    { "en-gb": "North Walsham" },
    { "en-gb": "Northallerton" },
    { "en-gb": "Northam" },
    { "en-gb": "Northampton" },
    { "en-gb": "Northfleet" },
    { "en-gb": "Northleach with Eastington" },
    { "en-gb": "Northwich" },
    { "en-gb": "Norton-on-Derwent" },
    { "en-gb": "Norwich" },
    { "en-gb": "Nottingham" },
    { "en-gb": "Nuneaton" },
    { "en-gb": "Oakengates" },
    { "en-gb": "Oakham" },
    { "en-gb": "Okehampton" },
    { "en-gb": "Old Aberdeen" },
    { "en-gb": "Old Colwyn" },
    { "en-gb": "Oldbury" },
    { "en-gb": "Oldham" },
    { "en-gb": "Ollerton and Boughton" },
    { "en-gb": "Olney" },
    { "en-gb": "Omagh" },
    { "en-gb": "Ongar" },
    { "en-gb": "Orford" },
    { "en-gb": "Ormskirk" },
    { "en-gb": "Orpington" },
    { "en-gb": "Ossett" },
    { "en-gb": "Oswestry" },
    { "en-gb": "Otley" },
    { "en-gb": "Ottery St Mary" },
    { "en-gb": "Oundle" },
    { "en-gb": "Overton-on-Dee" },
    { "en-gb": "Oxford" },
    { "en-gb": "Paddock Wood" },
    { "en-gb": "Padiham" },
    { "en-gb": "Padstow" },
    { "en-gb": "Paignton" },
    { "en-gb": "Painswick" },
    { "en-gb": "Paisley" },
    { "en-gb": "Partington" },
    { "en-gb": "Patchway" },
    { "en-gb": "Pateley Bridge" },
    { "en-gb": "Peacehaven" },
    { "en-gb": "Pembroke" },
    { "en-gb": "Pembroke Dock" },
    { "en-gb": "Penarth" },
    { "en-gb": "Pencoed" },
    { "en-gb": "Penistone" },
    { "en-gb": "Penkridge" },
    { "en-gb": "Penmaenmawr" },
    { "en-gb": "Penrhyn Bay" },
    { "en-gb": "Penrith" },
    { "en-gb": "Penryn" },
    { "en-gb": "Penwortham" },
    { "en-gb": "Pen-y-Bont ar Ogwr" },
    { "en-gb": "Penzance" },
    { "en-gb": "Pershore" },
    { "en-gb": "Perth" },
    { "en-gb": "Peterborough" },
    { "en-gb": "Peterlee" },
    { "en-gb": "Petersfield" },
    { "en-gb": "Petworth" },
    { "en-gb": "Pickering" },
    { "en-gb": "Plymouth" },
    { "en-gb": "Plympton" },
    { "en-gb": "Pocklington" },
    { "en-gb": "Polegate" },
    { "en-gb": "Pontardawe" },
    { "en-gb": "Pontarddulais" },
    { "en-gb": "Pontefract" },
    { "en-gb": "Ponteland" },
    { "en-gb": "Pontyclun" },
    { "en-gb": "Pontypool" },
    { "en-gb": "Pontypridd" },
    { "en-gb": "Pont-y-pŵl" },
    { "en-gb": "Poole" },
    { "en-gb": "Poplar" },
    { "en-gb": "Port Talbot" },
    { "en-gb": "Porth" },
    { "en-gb": "Porthcawl" },
    { "en-gb": "Porthleven" },
    { "en-gb": "Porthmadog" },
    { "en-gb": "Portishead and North Weston" },
    { "en-gb": "Portland" },
    { "en-gb": "Portsmouth" },
    { "en-gb": "Potton" },
    { "en-gb": "Poynton-with-Worth" },
    { "en-gb": "Preesall" },
    { "en-gb": "Prescot" },
    { "en-gb": "Prestatyn" },
    { "en-gb": "Presteigne" },
    { "en-gb": "Preston" },
    { "en-gb": "Princes Risborough" },
    { "en-gb": "Prudhoe" },
    { "en-gb": "Pudsey" },
    { "en-gb": "Purley" },
    { "en-gb": "Pwllheli" },
    { "en-gb": "Pyle" },
    { "en-gb": "Quedgeley" },
    { "en-gb": "Queenborough-in-Sheppey" },
    { "en-gb": "Queensferry" },
    { "en-gb": "Radstock" },
    { "en-gb": "Ramsey" },
    { "en-gb": "Ramsgate" },
    { "en-gb": "Raunds" },
    { "en-gb": "Rawtenstall" },
    { "en-gb": "Rayleigh" },
    { "en-gb": "Reading" },
    { "en-gb": "Redcar" },
    { "en-gb": "Redenhall with Harleston" },
    { "en-gb": "Redhill" },
    { "en-gb": "Redruth" },
    { "en-gb": "Reepham" },
    { "en-gb": "Reigate" },
    { "en-gb": "Rhayader" },
    { "en-gb": "Rhosllanerchrugog" },
    { "en-gb": "Rhuddlan" },
    { "en-gb": "Rhuthun" },
    { "en-gb": "Rhyl" },
    { "en-gb": "Rhymney" },
    { "en-gb": "Richmond" },
    { "en-gb": "Ringwood" },
    { "en-gb": "Ripley" },
    { "en-gb": "Risca" },
    { "en-gb": "River" },
    { "en-gb": "Rochdale" },
    { "en-gb": "Rochester" },
    { "en-gb": "Rochford" },
    { "en-gb": "Romford" },
    { "en-gb": "Romsey" },
    { "en-gb": "Ross-on-Wye" },
    { "en-gb": "Rothbury" },
    { "en-gb": "Rotherham" },
    { "en-gb": "Rothwell" },
    { "en-gb": "Rowley Regis" },
    { "en-gb": "Royal Leamington Spa" },
    { "en-gb": "Royal Tunbridge Wells" },
    { "en-gb": "Royal Wootton Bassett" },
    { "en-gb": "Royston" },
    { "en-gb": "Rugby" },
    { "en-gb": "Rugeley" },
    { "en-gb": "Rushden" },
    { "en-gb": "Ruthin" },
    { "en-gb": "Ryde" },
    { "en-gb": "Rye" },
    { "en-gb": "Saffron Walden" },
    { "en-gb": "Saint Helens" },
    { "en-gb": "Salcombe" },
    { "en-gb": "Sale" },
    { "en-gb": "Salford" },
    { "en-gb": "Saltash" },
    { "en-gb": "Saltney" },
    { "en-gb": "Sandbach" },
    { "en-gb": "Sandhurst" },
    { "en-gb": "Sandiacre" },
    { "en-gb": "Sandown" },
    { "en-gb": "Sandwich" },
    { "en-gb": "Sandy" },
    { "en-gb": "Sawbridgeworth" },
    { "en-gb": "Saxmundham" },
    { "en-gb": "Scarborough" },
    { "en-gb": "Scunthorpe" },
    { "en-gb": "Seaford" },
    { "en-gb": "Seaham" },
    { "en-gb": "Seaton" },
    { "en-gb": "Sedbergh" },
    { "en-gb": "Sedgefield" },
    { "en-gb": "Selby" },
    { "en-gb": "Selsey" },
    { "en-gb": "Senghenydd" },
    { "en-gb": "Settle" },
    { "en-gb": "Sevenoaks" },
    { "en-gb": "Shaftesbury" },
    { "en-gb": "Shanklin" },
    { "en-gb": "Sheffield" },
    { "en-gb": "Shefford" },
    { "en-gb": "Shepshed" },
    { "en-gb": "Shepton Mallet" },
    { "en-gb": "Sherborne" },
    { "en-gb": "Sheringham" },
    { "en-gb": "Shifnal" },
    { "en-gb": "Shildon" },
    { "en-gb": "Shipston-on-Stour" },
    { "en-gb": "Shirebrook" },
    { "en-gb": "Shoreham-by-Sea" },
    { "en-gb": "Shotton" },
    { "en-gb": "Shrewsbury" },
    { "en-gb": "Sidmouth" },
    { "en-gb": "Silloth" },
    { "en-gb": "Silsden" },
    { "en-gb": "Sittingbourne" },
    { "en-gb": "Skegness" },
    { "en-gb": "Skelmersdale" },
    { "en-gb": "Skelton-in-Cleveland" },
    { "en-gb": "Skipton" },
    { "en-gb": "Sleaford" },
    { "en-gb": "Slough" },
    { "en-gb": "Smethwick" },
    { "en-gb": "Snaith and Cowick" },
    { "en-gb": "Snodland" },
    { "en-gb": "Soham" },
    { "en-gb": "Solihull" },
    { "en-gb": "Somerton" },
    { "en-gb": "South Bank" },
    { "en-gb": "South Brent" },
    { "en-gb": "South Cave" },
    { "en-gb": "South Elmsall" },
    { "en-gb": "South Kirkby and Moorthorpe" },
    { "en-gb": "South Molton" },
    { "en-gb": "South Shields" },
    { "en-gb": "South Woodham Ferrers" },
    { "en-gb": "Southall" },
    { "en-gb": "Southam" },
    { "en-gb": "Southampton" },
    { "en-gb": "Southborough" },
    { "en-gb": "Southend-on-Sea" },
    { "en-gb": "Southgate" },
    { "en-gb": "Southminster" },
    { "en-gb": "Southport" },
    { "en-gb": "Southsea" },
    { "en-gb": "Southwell" },
    { "en-gb": "Southwick" },
    { "en-gb": "Southwold" },
    { "en-gb": "Spalding" },
    { "en-gb": "Spennymoor" },
    { "en-gb": "Spilsby" },
    { "en-gb": "Sprowston" },
    { "en-gb": "St Asaph" },
    { "en-gb": "St Austell" },
    { "en-gb": "St Blaise" },
    { "en-gb": "St Clears" },
    { "en-gb": "St Columb Major" },
    { "en-gb": "St David's" },
    { "en-gb": "St Helens" },
    { "en-gb": "St Ives" },
    { "en-gb": "St Just-in-Penwith" },
    { "en-gb": "St Mary Cray" },
    { "en-gb": "St Mawes" },
    { "en-gb": "St Neots" },
    { "en-gb": "Stafford" },
    { "en-gb": "Staines-upon-Thames" },
    { "en-gb": "Stainforth" },
    { "en-gb": "Stalbridge" },
    { "en-gb": "Stalham" },
    { "en-gb": "Stalybridge" },
    { "en-gb": "Stamford" },
    { "en-gb": "Stanhope" },
    { "en-gb": "Stanley" },
    { "en-gb": "Stapleford" },
    { "en-gb": "Staveley" },
    { "en-gb": "Stevenage" },
    { "en-gb": "Steyning" },
    { "en-gb": "Stirling" },
    { "en-gb": "Stockport" },
    { "en-gb": "Stocksbridge" },
    { "en-gb": "Stockton-on-Tees" },
    { "en-gb": "Stoke-on-Trent" },
    { "en-gb": "Stone" },
    { "en-gb": "Stonehouse" },
    { "en-gb": "Stony Stratford" },
    { "en-gb": "Stornoway" },
    { "en-gb": "Stotfold" },
    { "en-gb": "Stourbridge" },
    { "en-gb": "Stourport-on-Severn" },
    { "en-gb": "Stowmarket" },
    { "en-gb": "Stow-on-the-Wold" },
    { "en-gb": "Strabane" },
    { "en-gb": "Stratford-upon-Avon" },
    { "en-gb": "Stretford" },
    { "en-gb": "Strood" },
    { "en-gb": "Stroud" },
    { "en-gb": "Sturminster Newton" },
    { "en-gb": "Sudbury" },
    { "en-gb": "Sunderland" },
    { "en-gb": "Surbiton" },
    { "en-gb": "Sutton" },
    { "en-gb": "Sutton Coldfield" },
    { "en-gb": "Sutton on Hull" },
    { "en-gb": "Swaffham" },
    { "en-gb": "Swanage" },
    { "en-gb": "Swanley" },
    { "en-gb": "Swanscombe and Greenhithe" },
    { "en-gb": "Swansea" },
    { "en-gb": "Swindon" },
    { "en-gb": "Syston" },
    { "en-gb": "Tadcaster" },
    { "en-gb": "Tadley" },
    { "en-gb": "Talgarth" },
    { "en-gb": "Tamworth" },
    { "en-gb": "Taunton" },
    { "en-gb": "Tavistock" },
    { "en-gb": "Teignmouth" },
    { "en-gb": "Telford" },
    { "en-gb": "Telscombe" },
    { "en-gb": "Tenbury Wells" },
    { "en-gb": "Tenby" },
    { "en-gb": "Tenterden" },
    { "en-gb": "Tetbury" },
    { "en-gb": "Tewkesbury" },
    { "en-gb": "Thame" },
    { "en-gb": "Thatcham" },
    { "en-gb": "Thaxted" },
    { "en-gb": "Thetford" },
    { "en-gb": "Thirsk" },
    { "en-gb": "Thornaby-on-Tees" },
    { "en-gb": "Thornbury" },
    { "en-gb": "Thorne" },
    { "en-gb": "Thorpe St Andrew" },
    { "en-gb": "Thrapston" },
    { "en-gb": "Tickhill" },
    { "en-gb": "Tidworth" },
    { "en-gb": "Tipton" },
    { "en-gb": "Tiverton" },
    { "en-gb": "Todmorden" },
    { "en-gb": "Tonbridge" },
    { "en-gb": "Tonypandy" },
    { "en-gb": "Topsham" },
    { "en-gb": "Torpoint" },
    { "en-gb": "Torquay" },
    { "en-gb": "Totnes" },
    { "en-gb": "Tottenham" },
    { "en-gb": "Totton and Eling" },
    { "en-gb": "Tow Law" },
    { "en-gb": "Towcester" },
    { "en-gb": "Tredegar" },
    { "en-gb": "Tregaron" },
    { "en-gb": "Treharris" },
    { "en-gb": "Tring" },
    { "en-gb": "Trowbridge" },
    { "en-gb": "Truro" },
    { "en-gb": "Twickenham" },
    { "en-gb": "Tynemouth" },
    { "en-gb": "Tywyn" },
    { "en-gb": "Uckfield" },
    { "en-gb": "Ulverston" },
    { "en-gb": "Uppingham" },
    { "en-gb": "Upton-upon-Severn" },
    { "en-gb": "Usk" },
    { "en-gb": "Uttoxeter" },
    { "en-gb": "Uxbridge" },
    { "en-gb": "Ventnor" },
    { "en-gb": "Verwood" },
    { "en-gb": "Wadebridge" },
    { "en-gb": "Wadhurst" },
    { "en-gb": "Wainfleet All Saints" },
    { "en-gb": "Wakefield" },
    { "en-gb": "Wallasey" },
    { "en-gb": "Wallingford" },
    { "en-gb": "Wallsend" },
    { "en-gb": "Walsall" },
    { "en-gb": "Waltham Abbey" },
    { "en-gb": "Waltham Cross" },
    { "en-gb": "Walthamstow" },
    { "en-gb": "Walton-on-Thames" },
    { "en-gb": "Wandsworth" },
    { "en-gb": "Wantage" },
    { "en-gb": "Ware" },
    { "en-gb": "Wareham" },
    { "en-gb": "Warminster" },
    { "en-gb": "Warrington" },
    { "en-gb": "Warwick" },
    { "en-gb": "Watchet" },
    { "en-gb": "Watford" },
    { "en-gb": "Wath-upon-Dearne" },
    { "en-gb": "Watlington" },
    { "en-gb": "Watton" },
    { "en-gb": "Wednesbury" },
    { "en-gb": "Wellingborough" },
    { "en-gb": "Wellington" },
    { "en-gb": "Wells-next-the-Sea" },
    { "en-gb": "Welshpool" },
    { "en-gb": "Wem" },
    { "en-gb": "Wembley" },
    { "en-gb": "Wendover" },
    { "en-gb": "West Bedlington" },
    { "en-gb": "West Bromwich" },
    { "en-gb": "West Ham" },
    { "en-gb": "West Malling" },
    { "en-gb": "West Mersea" },
    { "en-gb": "West Tilbury" },
    { "en-gb": "Westbury" },
    { "en-gb": "Westerham" },
    { "en-gb": "Westhoughton" },
    { "en-gb": "Weston-super-Mare" },
    { "en-gb": "Wetherby" },
    { "en-gb": "Weybridge" },
    { "en-gb": "Weymouth" },
    { "en-gb": "Whaley Bridge" },
    { "en-gb": "Whitby" },
    { "en-gb": "Whitchurch" },
    { "en-gb": "Whitehaven" },
    { "en-gb": "Whitehill" },
    { "en-gb": "Whitland" },
    { "en-gb": "Whitnash" },
    { "en-gb": "Whittlesey" },
    { "en-gb": "Whitworth" },
    { "en-gb": "Wick" },
    { "en-gb": "Wickham" },
    { "en-gb": "Wickwar" },
    { "en-gb": "Widnes" },
    { "en-gb": "Wigan" },
    { "en-gb": "Wigton" },
    { "en-gb": "Willenhall" },
    { "en-gb": "Willesden" },
    { "en-gb": "Wilmslow" },
    { "en-gb": "Wilton" },
    { "en-gb": "Wimbledon" },
    { "en-gb": "Wimborne Minster" },
    { "en-gb": "Wincanton" },
    { "en-gb": "Winchcombe" },
    { "en-gb": "Winchelsea" },
    { "en-gb": "Winchester" },
    { "en-gb": "Windermere" },
    { "en-gb": "Windsor" },
    { "en-gb": "Winsford" },
    { "en-gb": "Winslow" },
    { "en-gb": "Winterton" },
    { "en-gb": "Wirksworth" },
    { "en-gb": "Wisbech" },
    { "en-gb": "Witham" },
    { "en-gb": "Withernsea" },
    { "en-gb": "Witney" },
    { "en-gb": "Wiveliscombe" },
    { "en-gb": "Wivenhoe" },
    { "en-gb": "Woburn" },
    { "en-gb": "Woburn Sands" },
    { "en-gb": "Woking" },
    { "en-gb": "Wokingham" },
    { "en-gb": "Wolsingham" },
    { "en-gb": "Wolverhampton" },
    { "en-gb": "Wolverton and Greenleys" },
    { "en-gb": "Wood Green" },
    { "en-gb": "Woodbridge" },
    { "en-gb": "Woodley" },
    { "en-gb": "Woodstock" },
    { "en-gb": "Wooler" },
    { "en-gb": "Woolwich" },
    { "en-gb": "Worcester" },
    { "en-gb": "Workington" },
    { "en-gb": "Worksop" },
    { "en-gb": "Worthing" },
    { "en-gb": "Wotton-under-Edge" },
    { "en-gb": "Wragby" },
    { "en-gb": "Wrecsam" },
    { "en-gb": "Wrexham" },
    { "en-gb": "Wymondham" },
    { "en-gb": "Yarm" },
    { "en-gb": "Yarmouth" },
    { "en-gb": "Yate" },
    { "en-gb": "Yateley" },
    { "en-gb": "Yeovil" },
    { "en-gb": "York" },
    { "en-gb": "Ystalyfera" },
    { "en-gb": "Ystrad Mynach" },
    { "en-gb": "Ystradgynlais" }
]